Cataldi Hal,4185319762,comast@gmail.com,YUZvznk9%,male,a:1:{s:5:"debit";a:2:{s:5:"dname";s:6:"Mahek";s:7:"dnumber";s:16:"2987654321654321";}},credit card,us,california,active
Deitz Mark,9251643817,anfmail@gmail.com,NXVusli5&,male,a:1:{s:5:"debit";a:2:{s:5:"dname";s:6:"Mahek";s:7:"dnumber";s:16:"2987654321654321";}},credit card,japan,osaka,active
Bongard Monte,8239115467,ak47@gmail.hu,CNOaqdi7#,female,a:1:{s:5:"debit";a:2:{s:5:"dname";s:6:"Mahek";s:7:"dnumber";s:16:"2987654321654321";}},Debit card,india,gujarat,inactive
Nelson John,8415637192,dfdafadjfwfwfi@gmail.com,DSPpvbc1^,female,a:1:{s:5:"debit";a:2:{s:5:"dname";s:6:"Mahek";s:7:"dnumber";s:16:"2987654321654321";}},credit card,us,california,active
Zeaser Aaron,8745613219,aaamaiafmidfdjn@gmail.com,BOFoypi1%,male,a:1:{s:5:"debit";a:2:{s:5:"dname";s:6:"Mahek";s:7:"dnumber";s:16:"2987654321654321";}},Debit card,japan,osaka,inactive
Tapia Monte,5312496781,alloymail@gmail.com,ZBWhmgc7^,male,a:1:{s:5:"debit";a:2:{s:5:"dname";s:6:"Mahek";s:7:"dnumber";s:16:"2987654321654321";}},credit card,us,california,inactive
Davis Hal,5632748911,ahfadhadf8@gmail.am,GXIlgqj8*,female,a:1:{s:5:"debit";a:2:{s:5:"dname";s:6:"Mahek";s:7:"dnumber";s:16:"2987654321654321";}},credit card,japan,osaka,active
LePage Roger,6239517841,accesoailadewbr@gmail.cr,TEPmylo2#,female,a:1:{s:5:"debit";a:2:{s:5:"dname";s:6:"Mahek";s:7:"dnumber";s:16:"2987654321654321";}},credit card,us,california,active
Woo Edward,5631927481,amrer@gmail.net,HNEraol4^,female,a:1:{s:5:"debit";a:2:{s:5:"dname";s:6:"Mahek";s:7:"dnumber";s:16:"2987654321654321";}},credit card,japan,osaka,active
Vanderpoel Monte,8465739112,aberystwyth@gmail.com,QLAwmzd7^,female,a:1:{s:5:"debit";a:2:{s:5:"dname";s:6:"Mahek";s:7:"dnumber";s:16:"2987654321654321";}},credit card,japan,osaka,active
Solberg Adam,4316819752,acmecity@gmail.com,PAGqjfa6^,female,a:1:{s:5:"debit";a:2:{s:5:"dname";s:6:"Mahek";s:7:"dnumber";s:16:"2987654321654321";}},credit card,us,california,inactive
Sweeney Peter,1361528974,adfdafadswfdcr8@gmail.nu,EWTyqgl8%,female,a:1:{s:5:"debit";a:2:{s:5:"dname";s:6:"Mahek";s:7:"dnumber";s:16:"2987654321654321";}},Debit card,japan,osaka,active
Schlicht Adam,5161982734,adwebhighway@gmail.com,LCBkcvo8!,male,a:1:{s:5:"debit";a:2:{s:5:"dname";s:6:"Mahek";s:7:"dnumber";s:16:"2987654321654321";}},credit card,us,california,active
DeLorenzo Roger,3167481529,agoodmail@gmail.com,MOYgylu3@,male,a:1:{s:5:"debit";a:2:{s:5:"dname";s:6:"Mahek";s:7:"dnumber";s:16:"2987654321654321";}},credit card,india,gujarat,active
Bowers Ike,6195483127,aaamailadsfzn@gmail.com,RVPaxyp1!,male,a:1:{s:5:"debit";a:2:{s:5:"dname";s:6:"Mahek";s:7:"dnumber";s:16:"2987654321654321";}},credit card,us,california,inactive
Ripka George,3248151967,aamail@gmail.net,AFJlpex0^,female,a:1:{s:5:"debit";a:2:{s:5:"dname";s:6:"Mahek";s:7:"dnumber";s:16:"2987654321654321";}},Debit card,australia,Hobart,active
Bowers Steve,3417658219,adfojdfdfhi3@gmail.com,ZRXtabq8*,male,a:1:{s:5:"debit";a:2:{s:5:"dname";s:6:"Mahek";s:7:"dnumber";s:16:"2987654321654321";}},credit card,us,california,inactive
Severson Tim,2134765981,aeiou@gmail.pt,ETHoazs7!,female,a:1:{s:5:"debit";a:2:{s:5:"dname";s:6:"Mahek";s:7:"dnumber";s:16:"2987654321654321";}},credit card,india,gujarat,active
Hoffman Dan,6138947215,adios@gmail.net,KSEmsti3$,female,a:1:{s:5:"debit";a:2:{s:5:"dname";s:6:"Mahek";s:7:"dnumber";s:16:"2987654321654321";}},Debit card,us,california,inactive
Uflan Adam,1817596342,4x4man@gmail.com,ZSGpytv6^,female,a:1:{s:5:"debit";a:2:{s:5:"dname";s:6:"Mahek";s:7:"dnumber";s:16:"2987654321654321";}},Debit card,australia,Hobart,inactive
Baxster Thomas,3174982516,2d2i@gmail.com,HZQhsvq1#,female,a:1:{s:5:"debit";a:2:{s:5:"dname";s:6:"Mahek";s:7:"dnumber";s:16:"2987654321654321";}},Debit card,india,gujarat,inactive
Woo Carl,6124197835,altavista@gmail.se,ARLahcz0%,female,a:1:{s:5:"debit";a:2:{s:5:"dname";s:6:"Mahek";s:7:"dnumber";s:16:"2987654321654321";}},Debit card,japan,osaka,inactive
Reyes David,4892163175,1mail@gmail.net,VDRxioc4*,male,a:1:{s:5:"debit";a:2:{s:5:"dname";s:6:"Mahek";s:7:"dnumber";s:16:"2987654321654321";}},credit card,india,gujarat,inactive
Dewalt Hank,7649213185,fadfad@gmailoutlook.com,SIXezsi9%,female,a:1:{s:5:"debit";a:2:{s:5:"dname";s:6:"Mahek";s:7:"dnumber";s:16:"2987654321654321";}},Debit card,india,gujarat,inactive
Cannon Frank,2469387115,aknet@gmail.kg,QJZkrda8!,female,a:1:{s:5:"debit";a:2:{s:5:"dname";s:6:"Mahek";s:7:"dnumber";s:16:"2987654321654321";}},credit card,australia,Hobart,active
Ostrander Roger,7514618923,amnetsal@gmail.com,KMRhfyj0%,female,a:1:{s:5:"debit";a:2:{s:5:"dname";s:6:"Mahek";s:7:"dnumber";s:16:"2987654321654321";}},Debit card,australia,Hobart,active
Quizoz Ty,3254789611,adaadjfa7@gmail.com,BOSusgd9@,female,a:1:{s:5:"debit";a:2:{s:5:"dname";s:6:"Mahek";s:7:"dnumber";s:16:"2987654321654321";}},Debit card,australia,Hobart,inactive
Jagtap Roger,6381294571,dhere@gmail.com,ROZuefb5$,female,a:1:{s:5:"debit";a:2:{s:5:"dname";s:6:"Mahek";s:7:"dnumber";s:16:"2987654321654321";}},credit card,japan,osaka,active
Dewalt Thomas,1235719684,adexec@gmail.com,LJAhcpd3*,male,a:1:{s:5:"debit";a:2:{s:5:"dname";s:6:"Mahek";s:7:"dnumber";s:16:"2987654321654321";}},Debit card,japan,osaka,active
Ory Paul,8465117239,address@gmail.com,GHTtowz2@,female,a:1:{s:5:"debit";a:2:{s:5:"dname";s:6:"Mahek";s:7:"dnumber";s:16:"2987654321654321";}},credit card,australia,Hobart,inactive
Vogal David,6985312174,angelfire@gmail.com,WHLeirs4*,male,a:1:{s:5:"debit";a:2:{s:5:"dname";s:6:"Mahek";s:7:"dnumber";s:16:"2987654321654321";}},credit card,us,california,inactive
Thompson Steve,5231917846,aeneasmail@gmail.com,RGVbgsl3&,female,a:1:{s:5:"debit";a:2:{s:5:"dname";s:6:"Mahek";s:7:"dnumber";s:16:"2987654321654321";}},Debit card,japan,osaka,active
Dinkins Walter,5647382119,anote@gmail.com,YIQljkb8^,male,a:1:{s:5:"debit";a:2:{s:5:"dname";s:6:"Mahek";s:7:"dnumber";s:16:"2987654321654321";}},credit card,india,gujarat,inactive
Olson Fred,2178956314,hitmail@gmail.com,NERfxcw8*,female,a:1:{s:5:"debit";a:2:{s:5:"dname";s:6:"Mahek";s:7:"dnumber";s:16:"2987654321654321";}},credit card,us,california,inactive
Fietzer Frank,1491726385,abolitionnow@gmail.com,UDZapfh3^,female,a:1:{s:5:"debit";a:2:{s:5:"dname";s:6:"Mahek";s:7:"dnumber";s:16:"2987654321654321";}},Debit card,australia,Hobart,inactive
Yates Ty,1458967321,denishpatel@gmail.com,HQScbfj4^,male,a:1:{s:5:"debit";a:2:{s:5:"dname";s:6:"Mahek";s:7:"dnumber";s:16:"2987654321654321";}},Debit card,japan,osaka,active
Vogal Ty,9867453121,cox@gmail.com,GPHbqxr1$,female,a:1:{s:5:"debit";a:2:{s:5:"dname";s:6:"Mahek";s:7:"dnumber";s:16:"2987654321654321";}},credit card,india,gujarat,active
Ingram Otto,1657921843,activatormail@gmail.com,MQGtiud6$,male,a:1:{s:5:"debit";a:2:{s:5:"dname";s:6:"Mahek";s:7:"dnumber";s:16:"2987654321654321";}},credit card,us,california,active
Pettigrew Dan,2489615371,findhere@gmail.com,WXKqjev5@,male,a:1:{s:5:"debit";a:2:{s:5:"dname";s:6:"Mahek";s:7:"dnumber";s:16:"2987654321654321";}},credit card,japan,osaka,inactive
Valente Fred,1691572348,alvilag@gmail.hu,NWVcjpo6*,male,a:1:{s:5:"debit";a:2:{s:5:"dname";s:6:"Mahek";s:7:"dnumber";s:16:"2987654321654321";}},credit card,australia,Hobart,active
Bauer John,3691842751,allmail@gmail.net,QCJqgku9!,female,a:1:{s:5:"debit";a:2:{s:5:"dname";s:6:"Mahek";s:7:"dnumber";s:16:"2987654321654321";}},Debit card,australia,Hobart,inactive
Norquist George,5397216148,adelphia@gmail.net,KQPinuy3#,female,a:1:{s:5:"debit";a:2:{s:5:"dname";s:6:"Mahek";s:7:"dnumber";s:16:"2987654321654321";}},credit card,india,gujarat,inactive
Hydinger Roger,1485961237,2die4@gmail.com,KGDirht3^,male,a:1:{s:5:"debit";a:2:{s:5:"dname";s:6:"Mahek";s:7:"dnumber";s:16:"2987654321654321";}},Debit card,india,gujarat,inactive
Upson Victor,3151278649,algeria@gmail.com,HRAesnx2@,female,a:1:{s:5:"debit";a:2:{s:5:"dname";s:6:"Mahek";s:7:"dnumber";s:16:"2987654321654321";}},Debit card,australia,Hobart,active
Casal John,9617148253,321media@gmail.com,JWBklqf7%,male,a:1:{s:5:"debit";a:2:{s:5:"dname";s:6:"Mahek";s:7:"dnumber";s:16:"2987654321654321";}},credit card,us,california,active
Haworth Mark,1517843269,aaamailzzn@gmail.com,YRTokzw5!,female,a:1:{s:5:"debit";a:2:{s:5:"dname";s:6:"Mahek";s:7:"dnumber";s:16:"2987654321654321";}},Debit card,australia,Hobart,inactive
Knutson Edward,4197582631,airforce@gmail.net,GJTuamf6*,male,a:1:{s:5:"debit";a:2:{s:5:"dname";s:6:"Mahek";s:7:"dnumber";s:16:"2987654321654321";}},credit card,japan,osaka,active
McCormack Ike,1724965831,andylau@gmail.net,QESezca1&,male,a:1:{s:5:"debit";a:2:{s:5:"dname";s:6:"Mahek";s:7:"dnumber";s:16:"2987654321654321";}},Debit card,japan,osaka,active
Casal Aaron,6239118475,123box@gmail.net,ROSfvux3&,female,a:1:{s:5:"debit";a:2:{s:5:"dname";s:6:"Mahek";s:7:"dnumber";s:16:"2987654321654321";}},Debit card,australia,Hobart,inactive
Ostrander Thomas,4798123165,musicrow@gmail.com,RFCdspg7*,female,a:1:{s:5:"debit";a:2:{s:5:"dname";s:6:"Mahek";s:7:"dnumber";s:16:"2987654321654321";}},Debit card,us,california,active
